;2020-01-02 00:00:00;2020-01-03 00:00:00;2020-01-06 00:00:00;2020-01-07 00:00:00;2020-01-08 00:00:00;2020-01-09 00:00:00;2020-01-10 00:00:00;2020-01-13 00:00:00;2020-01-14 00:00:00;2020-01-15 00:00:00;2020-01-16 00:00:00;2020-01-17 00:00:00;2020-01-20 00:00:00;2020-01-21 00:00:00;2020-01-22 00:00:00;2020-01-23 00:00:00;2020-01-24 00:00:00;2020-01-27 00:00:00;2020-01-28 00:00:00;2020-01-29 00:00:00;2020-01-30 00:00:00;2020-01-31 00:00:00;2020-02-03 00:00:00;2020-02-04 00:00:00;2020-02-05 00:00:00;2020-02-06 00:00:00;2020-02-07 00:00:00;2020-02-10 00:00:00;2020-02-11 00:00:00;2020-02-12 00:00:00;2020-02-13 00:00:00;2020-02-14 00:00:00;2020-02-17 00:00:00;2020-02-18 00:00:00;2020-02-19 00:00:00;2020-02-20 00:00:00;2020-02-21 00:00:00;2020-02-24 00:00:00;2020-02-25 00:00:00;2020-02-26 00:00:00;2020-02-27 00:00:00;2020-02-28 00:00:00;2020-03-02 00:00:00;2020-03-03 00:00:00;2020-03-04 00:00:00;2020-03-05 00:00:00;2020-03-06 00:00:00;2020-03-09 00:00:00;2020-03-10 00:00:00;2020-03-11 00:00:00;2020-03-12 00:00:00;2020-03-13 00:00:00;2020-03-16 00:00:00;2020-03-17 00:00:00;2020-03-18 00:00:00;2020-03-19 00:00:00;2020-03-20 00:00:00;2020-03-23 00:00:00;2020-03-24 00:00:00;2020-03-25 00:00:00;2020-03-26 00:00:00;2020-03-27 00:00:00;2020-03-30 00:00:00;2020-03-31 00:00:00;2020-04-01 00:00:00;2020-04-02 00:00:00;2020-04-03 00:00:00;2020-04-06 00:00:00;2020-04-07 00:00:00;2020-04-08 00:00:00;2020-04-09 00:00:00;2020-04-13 00:00:00;2020-04-14 00:00:00;2020-04-15 00:00:00;2020-04-16 00:00:00;2020-04-17 00:00:00;2020-04-20 00:00:00;2020-04-21 00:00:00;2020-04-22 00:00:00;2020-04-23 00:00:00;2020-04-24 00:00:00;2020-04-27 00:00:00;2020-04-28 00:00:00;2020-04-29 00:00:00;2020-04-30 00:00:00;2020-05-04 00:00:00;2020-05-05 00:00:00;2020-05-06 00:00:00;2020-05-07 00:00:00;2020-05-08 00:00:00;2020-05-11 00:00:00;2020-05-12 00:00:00;2020-05-13 00:00:00;2020-05-14 00:00:00;2020-05-15 00:00:00;2020-05-18 00:00:00;2020-05-19 00:00:00;2020-05-20 00:00:00;2020-05-22 00:00:00;2020-05-25 00:00:00;2020-05-26 00:00:00;2020-05-27 00:00:00;2020-05-28 00:00:00;2020-05-29 00:00:00;2020-06-01 00:00:00;2020-06-02 00:00:00;2020-06-03 00:00:00;2020-06-04 00:00:00;2020-06-05 00:00:00;2020-06-08 00:00:00;2020-06-09 00:00:00;2020-06-10 00:00:00;2020-06-11 00:00:00;2020-06-12 00:00:00;2020-06-15 00:00:00;2020-06-16 00:00:00;2020-06-17 00:00:00;2020-06-18 00:00:00;2020-06-19 00:00:00;2020-06-22 00:00:00;2020-06-23 00:00:00;2020-06-24 00:00:00;2020-06-25 00:00:00;2020-06-26 00:00:00;2020-06-30 00:00:00;2020-07-01 00:00:00;2020-07-02 00:00:00;2020-07-03 00:00:00;2020-07-06 00:00:00;2020-07-07 00:00:00;2020-07-08 00:00:00;2020-07-09 00:00:00;2020-07-10 00:00:00;2020-07-13 00:00:00;2020-07-14 00:00:00;2020-07-15 00:00:00;2020-07-17 00:00:00;2020-07-20 00:00:00;2020-07-21 00:00:00;2020-07-22 00:00:00;2020-07-23 00:00:00;2020-07-24 00:00:00;2020-07-27 00:00:00;2020-07-28 00:00:00;2020-07-29 00:00:00;2020-07-30 00:00:00;2020-07-31 00:00:00;2020-08-03 00:00:00;2020-08-04 00:00:00;2020-08-05 00:00:00;2020-08-06 00:00:00;2020-08-07 00:00:00;2020-08-10 00:00:00;2020-08-11 00:00:00;2020-08-12 00:00:00;2020-08-13 00:00:00;2020-08-14 00:00:00;2020-08-17 00:00:00;2020-08-18 00:00:00;2020-08-19 00:00:00;2020-08-20 00:00:00;2020-08-21 00:00:00;2020-08-24 00:00:00;2020-08-25 00:00:00;2020-08-26 00:00:00;2020-08-27 00:00:00;2020-08-28 00:00:00;2020-08-31 00:00:00;2020-09-01 00:00:00;2020-09-02 00:00:00;2020-09-03 00:00:00;2020-09-04 00:00:00;2020-09-07 00:00:00;2020-09-08 00:00:00;2020-09-09 00:00:00;2020-09-10 00:00:00;2020-09-11 00:00:00;2020-09-14 00:00:00;2020-09-15 00:00:00;2020-09-16 00:00:00;2020-09-17 00:00:00;2020-09-21 00:00:00;2020-09-22 00:00:00;2020-09-23 00:00:00;2020-09-24 00:00:00;2020-09-25 00:00:00;2020-09-28 00:00:00;2020-09-29 00:00:00;2020-09-30 00:00:00;2020-10-01 00:00:00;2020-10-02 00:00:00;2020-10-05 00:00:00;2020-10-06 00:00:00;2020-10-07 00:00:00;2020-10-08 00:00:00;2020-10-09 00:00:00;2020-10-13 00:00:00;2020-10-14 00:00:00;2020-10-15 00:00:00;2020-10-16 00:00:00;2020-10-19 00:00:00;2020-10-20 00:00:00;2020-10-21 00:00:00;2020-10-22 00:00:00;2020-10-23 00:00:00;2020-10-26 00:00:00;2020-10-27 00:00:00;2020-10-28 00:00:00;2020-10-29 00:00:00;2020-10-30 00:00:00;2020-11-02 00:00:00;2020-11-03 00:00:00;2020-11-04 00:00:00;2020-11-05 00:00:00;2020-11-06 00:00:00;2020-11-09 00:00:00;2020-11-10 00:00:00;2020-11-11 00:00:00;2020-11-12 00:00:00;2020-11-13 00:00:00;2020-11-16 00:00:00;2020-11-17 00:00:00;2020-11-18 00:00:00;2020-11-19 00:00:00;2020-11-20 00:00:00;2020-11-23 00:00:00;2020-11-24 00:00:00;2020-11-25 00:00:00;2020-11-26 00:00:00;2020-11-27 00:00:00;2020-11-30 00:00:00;2020-12-01 00:00:00;2020-12-02 00:00:00;2020-12-03 00:00:00;2020-12-04 00:00:00;2020-12-07 00:00:00;2020-12-09 00:00:00;2020-12-10 00:00:00;2020-12-11 00:00:00;2020-12-14 00:00:00;2020-12-15 00:00:00;2020-12-16 00:00:00;2020-12-17 00:00:00;2020-12-18 00:00:00;2020-12-21 00:00:00;2020-12-22 00:00:00;2020-12-23 00:00:00;2020-12-24 00:00:00;2020-12-28 00:00:00;2020-12-29 00:00:00;2020-12-30 00:00:00
COPEC.SN;7100;7190;7350;7544,799805;7460;7400;7590;7589;7587,5;7450;7650;7799;7605;7380;7350;7250,100098;7300;7109,899902;7175;7150;7170;7140;7140,5;7261;7423,299805;7600;7500;7380;7590;7742;7719;7690;7600;7399;7338;7200;7240;6961;6780;6601;6560,600098;6349;6600;6600;6750;6700,200195;6599,399902;6250;6325;6265;5721;5816,100098;5099,700195;4850;4401;4411;4250;4100,100098;4100;4430;4530;4800;4945;4900,100098;4840;5299,899902;5439;5430;5110;5056;5190,5;5299;5400;5280;5100;5121;4970;4852;4920;5149;5024;5120,799805;5100,100098;5350,100098;5218;5000;5120;5310;5450;5100;5100;5050;4870;4902;4770;4978;5050;5060;4930;4902;4919;4980;4900;5050;5140;5340;5370;5400;5605;5740;5650;5600;5351;5700;5508;5580;5630;5700,200195;5701;5700;5795;5794;5762,5;5700;5510;5701,799805;6090;6049;6325;6311;6262;5970;6050;6307;6500;6208,399902;5973;5945;6098;6090;6270;6200;6267;6200;6124;6145;6180;5980;5905;5930;6099;6012;6038;6084;6179,899902;6080;6139;6190;6230;6220;6112,100098;6100;5984,600098;5859;5747,899902;6058;6070,100098;5701;5700;5800;5800;5720,100098;5759;5710;5751;5580;5583,399902;5460;5500;5590;5550;5545;5560;5473,299805;5555;5605,700195;5645;5530;5888;6000,100098;5940;5899,899902;5790;5800;5999,899902;6110;6120;6150;6098,299805;5912;6030;6201;6421,700195;6525;6595;6223;6250;6225;6120;5900;6000;5934,200195;6030;6170;6255;6498,899902;6360;6479;6150;6289;6430,899902;6380;6499;6450;6600;6610;6600;6309;6165;6305;6050;6230;6500;6605;6580;6541,799805;6485;6512,5;6590;6512;6620;6820;7130;6900;6856,200195;6900;6930;7070;7194,899902;7380;7210
FALABELLA.SN;3350;3350;3390;3450;3455,899902;3473;3550;3435;3329;3295;3275;3250;3206,699951;3102;3160;3160;3190,100098;3106,100098;3165;3140;3125;3140;3140;3165;3198;3185;3174,899902;3161,100098;3155;3150;3163;3159,300049;3150;3116;3079;3049;3020;2999,899902;2915;2820;2775,100098;2720;2915;2869;2880;2840;2722,100098;2600;2570;2535;2421;2390;1920;1880;1678,900024;1670;1730;1530;1530;1580;1581;1590;1656;1886;1820;1932,099976;1928;1998;1975;2000,099976;2100;2099;2215;2210;2156;2200;2149,699951;2065;2050;2083;2075;2165,100098;2220;2337;2280;2265;2385;2465;2537;2405;2400;2379;2235;2200;2124,600098;2200,199951;2116;2185;2156,300049;2160;2050;2018,699951;1881;1865;1898,5;1985;2050;2108,100098;2330;2384;2435,199951;2330,100098;2221;2339;2381;2349,699951;2435;2434;2510;2469;2510;2580;2595,100098;2591,100098;2600;2640;2790;2840;2835;2880;2795;2689;2645;2705;2780;2635;2540;2415;2430,600098;2500;2512,199951;2610,100098;2700;2723,300049;2667;2634,600098;2700;2694;2641;2635;2680;2695;2670;2701;2814,899902;2760;2816,100098;2826;2790;2734;2695;2649,899902;2660;2570;2494,899902;2611,5;2555;2450;2421;2490;2539;2520;2569;2539,899902;2440;2386;2410;2341,300049;2385,100098;2422;2385;2260;2335;2270;2318;2299,899902;2314;2309;2300;2300,100098;2270;2216,800049;2148,5;2105;2150;2187;2200;2171;2124,899902;2110;2076;2142;2160;2265;2309;2325,899902;2261,199951;2200;2180;2120;2100;2031;2019;2219;2339,800049;2419;2454,5;2549;2600;2675;2700;2730;2760;2728;2722,100098;2800;2830;2735;2720;2740;2611;2720;2712;2715;2635,5;2595;2624,800049;2506;2500;2455;2458,800049;2557;2648,899902;2649;2570;2570;2531;2550;2584;2639;2630
BSANTANDER.SN;44,49000168;45,27999878;46;46,29999924;46,20000076;46,47999954;46,68999863;46,15000153;44,5;44,25;43,83000183;43,59999847;42,86999893;42;42,09999847;42,59999847;41,58000183;40,61000061;40,15000153;39,04999924;39,00999832;39,59000015;40,86999893;41,38000107;40,95000076;41,06000137;40,50999832;40,11999893;39,79999924;40,00999832;40;39,54000092;39,11000061;37,88000107;37,63999939;37,90000153;38,38999939;37,24000168;36,77000046;37,29999924;36,81999969;36,49000168;37,22000122;37,43000031;38,29999924;38,13999939;36,90999985;34,59999847;35,29999924;35;33,29999924;33,81000137;29,5;31,04999924;26,5;29,29999924;30,89999962;29,54999924;26,75;28,61000061;29;29,28000069;30,89999962;31,95999908;33,15000153;35,40000153;35,29999924;36,29999924;35,97999954;35,04999924;35,29999924;35,47999954;34,86000061;33,59000015;32,00999832;32,79999924;31,94000053;31,10000038;31,29999924;31,29000092;30,98999977;32,77000046;33,5;35,40999985;35,84999847;34,52000046;35,56000137;36,22999954;35,97999954;33,63000107;32,93999863;33,09999847;30,79999924;31,88999939;31,39999962;32,70999908;31,87999916;32,08000183;32,00999832;32,95999908;33,27999878;34,29999924;32,34999847;32,59999847;32,29999924;32,99000168;33,47999954;34,33000183;36,40000153;36,95000076;36,40000153;35,50999832;34,79999924;34,70000076;33,66999817;34,31999969;35,20000076;34,86000061;35,38999939;34,79999924;34,88000107;34,29999924;34,13000107;33,75999832;33,59999847;34,25999832;35,34000015;35,54999924;36,09999847;35,61999893;34,97000122;33,75;33,90000153;33,79999924;34,5;33,11999893;32,09999847;31,77000046;32,16999817;32,47000122;32,79999924;32,70000076;33,22999954;33,34000015;32,59999847;32,63000107;32,95000076;32;31,60000038;31,60000038;32,08000183;32;31,87999916;31,68000031;31,76000023;31,93000031;32,15000153;32,65000153;32,90000153;32;31,92000008;31,84000015;31,52000046;31,25;30,75;30,5;30,51000023;29,89999962;29,82999992;29,70000076;31;30,62000084;30,95000076;30,44000053;29,84000015;29;28,5;28,35000038;28,35000038;28,38999939;28,42000008;27,69000053;27,71999931;26,86000061;27,68000031;27,22999954;27,22999954;26,78000069;27,29999924;27,27000046;28,29999924;28,98999977;27,85000038;27,20000076;27,01000023;27,47999954;27,10000038;27,10000038;28,5;27,76000023;27,5;27,89999962;29,35000038;29,80999947;30,65999985;29,61000061;29,75;29,02000046;27,86000061;27,06999969;27,70000076;27,54999924;26,62000084;28,95000076;30,51000023;31,35000038;32,54000092;32,77999878;33,43999863;34,43999863;34,5;34,56000137;34,70000076;33,99000168;34,40999985;34,22000122;34,50999832;34,20000076;33,68000031;33,49000168;33,09999847;34,33000183;35,25;35,70000076;35,36999893;34,75999832;35,49000168;35,40000153;34,61000061;35;34,47999954;34,77999878;35,93999863;36,25;35,45000076;35,38000107;34,56000137;34,50999832;34,52000046;34,59999847;34,09999847
CMPC.SN;1915;1920;1963;1960;1960;1974;2080;2070;2042;1999,099976;2057,899902;2077;2025;1970;1970;1945;1930;1870;1895;1870;1860,199951;1835;1835;1868;1928;1963,900024;1900;1840,099976;1910;1950;1967;1959;1931;1870;1830;1800,800049;1815;1760;1713;1701;1720;1650;1685;1690,099976;1740;1700;1681;1575;1600;1572;1500;1542;1325;1371,099976;1225;1300;1339,900024;1280;1328,5;1430;1540;1650;1740;1829;1740;1774,900024;1748;1720;1616;1660,199951;1621,099976;1669,900024;1708,5;1675;1655;1635,300049;1590;1569;1575;1658;1705;1780;1780;1813,900024;1799,900024;1740;1770;1800,900024;1860;1715;1719,699951;1685;1696,199951;1720;1676;1770;1767;1779,900024;1718;1746;1735;1730;1679,099976;1630;1640;1663;1695;1690;1727,900024;1773;1765;1751;1710;1690;1681;1726;1770;1769,900024;1775;1720,099976;1689;1727;1724;1690;1632;1682;1737,599976;1740;1770,199951;1738;1730;1650;1640;1717;1694,900024;1657;1655;1649;1619;1640;1683;1700;1713;1700;1655,400024;1625;1677;1620;1605;1601;1630;1682;1675;1698;1703;1658,900024;1640;1695;1714;1703;1720;1750;1755;1725;1669,900024;1680;1665;1615;1603;1625;1650;1615;1636,900024;1639;1591,099976;1550;1579;1555,099976;1589,900024;1585;1590;1590;1620;1540;1570;1625;1620;1600;1650;1636,800049;1648;1614,800049;1595;1598,5;1624;1650;1635;1663;1650;1667,099976;1669,199951;1720;1780;1764,300049;1739,800049;1652,099976;1659,599976;1650,199951;1600;1608,099976;1600;1600;1645;1699,900024;1707,900024;1703,699951;1704;1679,900024;1645;1650;1655;1664;1719,900024;1664,099976;1665;1674,900024;1678;1718,300049;1704,900024;1735;1650,099976;1755;1793,5;1800;1788,099976;1779;1766;1720;1770;1720;1740;1785;1831,099976;1876,599976;1854;1840;1810;1825;1845,099976;1870,099976;1870
CHILE.SN;84,31999969;84,69999695;85,80000305;86,72000122;85,5;85,68000031;88,5;86,98999786;85;84,06999969;82,97000122;82,05999756;80,91999817;80;79,69999695;79,5;78,62999725;77,80000305;79,19999695;78,87999725;77;78,80000305;80,20999908;81,51000214;80,19999695;78,80999756;81,37999725;79,80999756;80,5;80,80000305;80;80,77999878;80;78,19999695;77,19000244;78,5;77,15000153;76,08999634;76,19999695;76,91000366;77,02999878;72,05000305;76,69000244;77,70999908;78,80000305;77,40000153;75,80000305;72,51999664;73,94000244;72;67,68000031;69,51000214;63;65,86000061;59,79999924;69,90000153;69,5;58,04999924;57,00999832;60,5;63;64,11000061;66,69999695;69,09999847;69,80000305;74,09999847;75,90000153;77,98999786;76;73,01000214;74,09999847;74,55000305;74,87000275;72,90000153;72,51000214;71,09999847;69,80000305;68,30000305;69,62999725;69,88999939;67,69999695;70;71,80000305;76,26999664;73,59999847;72,09999847;73,80000305;75;75,5;71;70,5;69,69999695;67;67,90000153;66,5;68,34999847;67,52999878;68;66,90000153;67,01000214;68,26000214;71;67,48999786;68,01000214;69;70;71,80000305;74,77999878;77,01000214;78,27999878;77,30999756;77;76;75,88999939;73;74,80000305;75,51000214;75;75,80000305;75,52999878;76,81999969;75,5;74,20999908;73;72,5;74,88999939;77,09999847;76,83999634;78,97000122;79,01000214;76,87999725;74,30000305;73,94000244;74,01000214;75,55000305;73,76000214;71,80000305;71,5;71,13999939;71,29000092;72,30000305;73,55000305;74,40000153;73,05999756;71,01000214;70,51000214;72,68000031;70,30999756;69,80999756;69,5;70,5;70,62000275;70,01000214;69,48999786;69,66000366;69,69999695;69,98999786;70,91000366;70,87000275;69,69999695;69,48999786;69,58999634;68,5;67,51000214;66,90000153;67,5;66,97000122;64,98999786;64;64,79000092;66,40000153;66;66,94999695;65,80000305;64,01999664;63,09999847;62,29999924;62,45000076;61,91999817;62,20999908;62,5;61,02000046;61,5;59,29999924;60,59999847;60,29999924;60,06000137;58,75999832;59,95000076;60,90999985;62,50999832;62,31999969;60,20000076;59,29999924;60,75;61,06000137;60,75;60;60,40000153;60,40000153;60,5;61,04999924;63,97999954;65,87000275;66,48999786;63,09999847;63,54000092;62,61000061;61,5;59,70000076;61,75999832;60,5;59,16999817;63,99000168;66,5;70;71,20999908;71,59999847;70,09999847;71,44000244;71,70999908;71,72000122;72;69,98999786;69,15000153;68,59999847;69,76000214;67,5;67,15000153;67,87999725;67,15000153;70,01000214;72,59999847;73,34999847;73,80000305;71,81999969;73,31999969;73,01000214;72,66999817;72,26000214;71,80999756;72,01000214;74,90000153;73,19999695;74,98000336;74,88999939;74,47000122;73,44000244;73,77999878;73,51000214;72,55000305
SQM-B.SN;20450;20487;21001;21510;21379;21000;21620;23197;24048;23730;24370;23783;23500;22996;22415;23200;22552;22117;22320;22450;22600;22300;22403;24399;23451;24099;23299;23215;23800;24501;24540;24270;24550;23690;24260;25990;25451;24401;24080;23252;22601;21456;23000;23200;24055;23700;22502;20741;21020;20002;18800;18700;15710;16220;14000;14861;14000;13901;15750;18110;18500;17505;18900;19540;18375;18900;18613;18750;18860;19203;19299;19198;19600;19000;18403;18965;18650;17990;18790;18646;18200;18860;19700;19600;19850;18238,9375;18329,54102;18258,63477;18632,86719;18238,9375;18800,28711;18219,24219;17723,875;18022,27734;17972,05078;18835,74219;19007,09961;18662,41211;18357,11719;18760,89453;19415,80273;20286,38672;19991,92383;19350,80469;19527,08789;20129,79883;20533,57813;20572,9707;21439,61523;22468,75586;22255,04883;21768,54688;20336,61328;20494,18555;19745,71875;20929,47656;20907,81055;20927,50781;21468,17578;21035,83789;20930,46094;20730,54297;20789,63086;21045,68555;21045,68555;21064,39844;21892,63477;21863,08984;22384,0625;21902,48242;21785,28906;21173,71289;21567,64258;22611,55664;23418,12695;22719,88672;23123,66406;22892,23047;22453;23094,11914;23113,81641;23015,33398;23468,35352;23291,08398;23153,20898;22749,43164;22700,18945;22602,69336;23113,81641;23734,25586;23941,06836;24176,44141;24894,37695;25212,47656;25596,55664;25004,67773;25308,00391;25506,9375;25403,53125;24813,62305;24975,13281;25014,52539;25142,55273;24915,05859;25111,03906;24569,38672;24616,6582;23934,17383;25191,79492;25656,63086;24762,41211;24477,79688;24719,07813;24325,15039;24517,18945;23655,46875;24315,30078;24916,04297;25605,41992;25702,91797;25703,90234;25230,20313;25054,9043;22749,43164;22755,33984;23190,63281;24077,95898;24119,32031;25113,00781;24423,63086;25307,01953;27279,62109;26934,93359;27062,95898;27924,68164;27806,50195;27169,32031;27132,88281;27046,21875;26745,8457;27062,95898;27082,65625;28459,43945;28559,89258;28264,44531;27575,06836;28548,07422;27328,86133;28009,375;27821,27344;28264,44531;28131,49414;27623,32422;30293,18164;30789,5332;31563,60547;31711,32813;31140,13086;31514,36328;32717,81836;33946,87891;33730,21875;34172,40234;33384,54297;33927,18359;35947,05469;36541,89063;36082,96094;35942,13281;35946,07031;35356,16016;34960,26172;34134,98047;33753,85156;34616,55859;34419,59375;34065,05859;33759,76172;33562,79688;32991,59766;33440,67969;33779,45703;33730,21875;33927,18359;33533,25391;35159,19531;34646,10547;33186,59375;34458,98828;34045,35938;34074,90625
ENELAM.SN;169;170;170;170;170;168,9199982;172,3999939;168,8000031;167,8399963;169,8999939;169,1699982;170,9900055;166,3999939;160,5;159,9700012;157,1300049;157,7899933;157,3999939;153;157,5;156;157,6999969;156;157,0099945;156,8899994;156;156,6999969;153;150,6999969;149;146,9900055;149,1999969;147,7899933;147;146,8000031;147;147,2200012;146;144,9900055;141,6499939;140;137;148;146,5;148,5;148;146,0099945;140;138,1000061;132;123,4000015;124;107,5;107;92,80999756;105,5;103,8000031;94,25;94,5;105,5;102,0999985;99;99,51000214;104,5999985;100;100,75;118,1100006;121,6900024;126;135,0200043;135,8000031;136,5;137;136,5099945;136,7899933;136,5;135,8999939;133,9700012;134;136,5;134,1999969;136;136,5;137;137;136;136;137;137;131,8000031;131,8999939;127,5;122;120;122,5;128,5;127,25;128;129,4900055;118,5;118;120;117;116,5;119;119,3000031;123;126,4800034;130;134,8000031;136,5;136,5;129;129,6100006;123,5199966;123;123,6100006;122,0999985;126;125,4800034;127,0100021;127,0100021;126,1100006;123,8199997;124;126,4899979;129,4700012;130;132;130,7200012;127,4499969;123,5;123,1800003;123,1999969;123,5;120;118,7399979;117;115,5;117,5999985;119,4599991;119,0100021;118;117;115,25;116,3799973;117,4599991;115;114,5100021;113,2600021;112,8899994;114,0999985;113,0999985;113,5599976;114,4899979;114,6100006;113,5999985;111,8799973;110,9599991;115;112,5999985;115,4000015;114,4000015;115;116,3899994;117;115,4899979;111,8700027;111,9800034;113,1100006;112,9899979;112,7900009;112,8499985;112,4700012;111,5500031;108,8700027;112,4000015;114;114,5400009;113,4899979;114,4899979;109,3600006;103,1699982;102,5299988;102,6500015;103,1900024;102,0299988;100;102;102,6900024;103;102,8499985;102,5;101,3399963;102,7699966;102,9899979;102,5;104,6999969;103,9499969;106,5699997;107,3199997;108,7300034;112,3499985;111,0500031;108,5500031;105,7900009;105;102,5;101;102,5999985;102;101;103,3000031;108;109;109,8799973;114;116,0100021;111,0100021;115,4000015;114,4199982;114,5;117,4899979;114,0599976;114,6900024;117,2699966;120,8399963;119;117;115,3000031;110,5999985;113,4000015;113,75;115,9899979;116,8000031;116,4800034;116,1999969;114,6900024;114,5;113,3000031;113,4300003;112,9899979;116;120;116,8099976;117,0999985;117,1999969;116,6999969;116;117,9800034;116,0100021
CENCOSUD.SN;1036;1034,900024;1035;1043,099976;1021;1023;1047,900024;1029;1022,099976;1003;1030,199951;1057;1062,199951;1045;1050;1041;1029,300049;1000;1001,299988;1005,099976;996;990;1000;1026;1020,599976;1030;1035;1015,099976;1030;1030;1025;1017;1021,900024;995;997,5100098;1000;1016;994;965;969,9899902;970;960;986;975;995;994,9000244;972,4000244;930;927,0100098;939;870;850,0100098;740;710;600;652;621;620;613,039978;671,0999756;734;765;811;890,1099854;880;880;883;889,0100098;866,0999756;904;940;950,0999756;990;974;969;975,0999756;936,0999756;925;927,0100098;970;954;993,7000122;1015;1043;1010;990;1051,900024;990;996,1699829;947,0999756;971;951;920;971;1010;1070;1021;995,0999756;991;990,0100098;972,0100098;986;945;935;965,1500244;1000;1009;999,9000244;1046;1080;1086,900024;1042,099976;1045;1062;1062;1083,199951;1125;1170;1182;1149;1163;1215;1200;1190;1150;1190;1270;1291;1285;1292;1268,199951;1221;1200;1265;1331;1287;1260;1228;1175,099976;1215;1201;1245;1290;1300;1290;1290;1319;1270;1260;1274,900024;1275;1273;1245;1294;1307,400024;1340;1351,5;1340;1306,900024;1292,099976;1285;1286;1289,900024;1255;1242;1260;1225,5;1150;1150;1230;1234;1212;1220;1229;1195;1175;1151;1190;1165;1185;1155,800049;1131;1153,300049;1130;1170;1179,900024;1162,800049;1150;1150;1153,300049;1153;1124,900024;1128,5;1107;1093,900024;1114;1124;1138;1120;1117;1111;1115;1124;1122,900024;1104;1140;1110;1115;1103;1075;1075;1041,300049;1043;1109;1145;1185;1210;1250;1270;1298;1345;1340;1360;1310;1330;1365,099976;1360;1340;1339;1369;1316,699951;1315;1330;1375;1350;1320;1330;1295;1275;1258;1249;1275;1285;1280;1259;1276;1269,900024;1246;1249;1278;1265
BCI.SN;33603,07813;33841,05859;34555,00781;35316,55078;35506,93359;35316,55078;35602,12891;35649,72266;35459,33984;34827,25781;34639,72656;34652,10156;34269,42969;33231,82422;32698,74609;32550,24609;32270,37891;31366,04688;31746,81836;31318,44922;31080,4668;31806,78906;32540,72656;33317,5;34269,42969;34840,58594;34800,60547;34174,23438;34269,42969;34174,23438;34174,23438;34451,24609;34269,42969;33412,69141;32365,57031;32365,57031;32269,42578;31190,89063;30747,29297;30376,99219;30459,81055;29033,82031;30223,73242;30747,29297;31606,88477;31413,64258;30566,42578;29842,96094;30082,8457;28939,58008;27139,48242;27605,92773;24750,14258;25321,29883;22466,4668;22513,11133;23560,23242;22370,32031;22226,58008;24083,79297;25778,22461;26751,0957;26463,61328;27605,92773;27120,44531;27891,50586;27986,69922;28443,625;28177,08594;27605,92773;27801,07422;28177,08594;28219,92188;27605,92773;26968,13672;27129,96484;26938,62695;25640,19531;25703,02344;26884,36719;26178,03516;27605,92773;28557,85742;29866,75781;29507,88086;27891,50586;27839,15039;27515,49414;28370,32617;27320,34961;26930,05859;26654;25569,75391;25987,65039;25427,91602;26844,38477;26634,96094;26382,69922;25714,44531;26176,13086;25836,29297;27024,30078;26081,89063;25797,26367;26081,89063;26178,03516;27034,77148;27320,34961;28431,25;28748,24219;28556,9043;27758,23633;27129,96484;27410,7832;26606,40234;26568,32617;26750,14453;26654;26615,92188;26525,49023;26940,5293;26873,89453;26806,30859;26961,47266;26559,75781;26653,04688;26896,74219;27737,29492;28333,20117;28081,89258;27415,54297;26177,08398;26178,03516;27033,81836;27939,10352;26511,21094;27319,39844;26652,0957;26606,40234;26634,96094;26654;26644,48047;26805,35547;26642,57617;25872,4668;25416,49219;25702,07031;25512,63672;25368,89648;24988,125;25427,91602;25581,17578;25661,13867;25274,6543;25154,71289;25675;25551;26190;26177;25761;25483;25371;25355;24970;24660;24800;25335;24500;24498;25155;25777;25310;25310;25200;24615;24030;24830;24250;24297;24200;24585;24100;24199;23600;24200;24300;24299;24250;24800;24999;25541;25000;24960;25000;25799;25990;25800;25200;24805;24401;24400;24700;25900;27000;26949;25600;25390;25025;24800;24201;25011;25000;24789;26010;26851;27400;27300;27345;26600;26980;26500;26886;27041;26956;27066;27500;27801;27490;27490;27000;26600;26974;27780;28000;27520;27050;27650;27600;26736;26600;26516;27450;27980;28070;27290;27700;27111;27699;27700;27350;27890
LTM.SN;7800;7809,799805;7675;7454,899902;7645,299805;7580;7435,100098;7400;7351;7325;7260;7025;6944;6730;6750;6600;6710;6605;6610;6641;6650;6648;6606;6860;7011,100098;7290;7297;7025,100098;7101;7199,799805;7249;7005;7036;6850;6846;6900;6867;6620;6279,899902;5948,899902;5803;5456;5550,100098;5475;5710;5600;5315;4875;5070;4700;3950;4079,899902;3000;2770;1551;1804;2076,5;2230;1950;2349;2340;2250;2311;2200;2000;2080;2101;2199,100098;2199,100098;2519,699951;2841;2800;3030;2961;2935;3169;3060;2901;2921;3069,800049;2965,100098;3040;3145;3275;3155;2860;2892;2749,800049;2599;2520,300049;2346;2265;2150;2300,100098;2249;2340;2137,899902;2082;2105;1999,900024;1280;711;800;860;930;1280;1570;1450;1570;2100;2375;1450;1450;1440;1328;1200;1240;1220,199951;1210;1100;1090;1200;1184,699951;1106,5;1175;1198;1141;1135,099976;1154;1129;1112;1100;1120;1117;1092,800049;1053,900024;1015,099976;980,0100098;1070;1135;1168;1157,800049;1215;1339;1472;1390;1301;1385;1415;1425;1358,900024;1324,699951;1384;1403,699951;1384,400024;1330;1338;1333,099976;1322,599976;1320;1305,099976;1301,699951;1278;1270,199951;1206;1279;1325;1311,599976;1272,300049;1300;1290;1281,300049;1292,199951;1278;1267;1255,900024;1299;1288;1260,199951;1202;1294;1321,199951;1263,800049;1270;1265;1268,900024;1290;1284;1281,5;1278,800049;1237,699951;1240;1233,599976;1234,5;1232,800049;1239,699951;1250,099976;1222;1231,599976;1226,800049;1204,800049;1207,699951;1206,300049;1198,400024;1189,199951;1155,900024;1185;1166;1163,699951;1164,699951;1161,5;1140,199951;1100;1097,400024;1077;1130;1140;1129,300049;1125,900024;1119,900024;1144;1134;1136,599976;1100;1080,300049;1110;1092,300049;1088,900024;1078,400024;1075;1078,800049;1074,599976;1079,800049;1079;1074,800049;1046,699951;1056,199951;1085;1097,699951;1195;1304,599976;1275;1305;1395;1250;1279,900024;1322;1326;1294,599976;1261,900024;1266,199951
ENELCHILE.SN;71,75;74;75,19999695;75;75,18000031;75,5;76,90000153;78,09999847;78,30000305;78;78,19000244;77,09999847;77,5;77;77;77,06999969;76,59999847;74,98999786;75,19999695;75,19999695;76,15000153;75,90000153;76,94999695;78;78;78;78,09999847;78,05000305;77,98999786;77;77,29000092;77,19999695;76,51000214;75,30000305;74,98999786;75,19999695;76;74,84999847;75,23999786;74;73,73999786;73;71,20999908;71,69999695;72,94999695;72,38999939;72;70;69,98999786;69,95999908;66,94999695;68,5;60;58,5;54;55,20000076;54,90000153;53;53,38000107;54,40000153;53,50999832;53,70000076;53;58;57;59,5;61,79000092;63;62,5;63;65,5;65,97000122;66,05000305;67,80000305;65,15000153;65,5;64,34999847;62,84999847;62,29000092;63;61,09999847;63,61000061;65,20999908;67,97000122;67,98999786;63,29999924;62,20000076;63;63,09999847;59,50999832;60,79999924;60,11000061;61;61,38999939;61,77999878;62,5;62,49000168;62,83000183;58,27000046;60,50999832;61,40999985;61;59,40000153;59,99000168;59,5;60;61,29999924;62;64,98999786;65;64,09999847;62,52000046;60,59999847;60,31000137;59;59,00999832;61,90000153;61,29999924;61,65000153;61,72999954;61,74000168;62,88000107;62,47000122;62,93000031;61,40000153;62,20999908;65,77999878;65,48999786;66,84999847;67,48999786;66,90000153;63,40000153;63,09999847;64,51000214;65,23999786;63,29999924;62,61000061;61,5;60;61;61,97999954;61,13000107;62,43999863;63,70000076;63;63;65;62,81000137;62;62,20000076;62,70000076;63,29999924;62;61,09999847;62,27999878;61,09999847;60,99000168;60,59000015;60;60,49000168;60,08000183;61;60,09999847;60,16999817;59,18999863;59,5;60,70000076;59,79999924;58,63999939;57,61000061;57,88999939;57,90000153;58,90000153;57,61000061;56,70999908;55,34999847;55,38999939;54,15000153;54,00999832;54,25;54,5;53,5;52,91999817;53;53;53,43999863;54,29999924;53,38999939;55,09999847;55,13999939;55,54999924;53,70000076;54,36999893;54;54,97000122;54,59999847;53,88999939;55,5;55,31000137;55;54,5;54,72000122;55,77999878;54,40000153;54,81999969;53,75;52,66999817;51,27999878;51,15000153;51,88999939;51,59999847;50;51,20000076;53,25999832;53,38000107;54,86999893;55,29999924;54,99000168;54,09999847;55,18000031;56;54,77000046;55,75;53,66999817;53,83000183;55,29999924;57,72000122;56,11999893;56,95000076;55,5;53,06999969;53,5;57,22000122;58,5;58,90000153;56,25999832;55,34000015;54,70000076;53,90000153;53,79999924;53,40000153;54,20000076;54,99000168;57;55,75;54,70000076;54,47000122;55;55,09999847;55,09999847;55,20000076
CCU.SN;7335;7479,799805;7480;7334;7370;7497,899902;7800;7640;7590;7450;7500;7450;7408,600098;7290;7015;7077,5;7031,200195;7000;7030;7099;7190;7065;7100,200195;7175;7160;7300;7350;7350;7490;7335;7395;7126;7152,5;7115;6951;7041;6901;6699,899902;6617;6530,200195;6555;6144;6480;6455;6635;6538,200195;6325;5940;6113,799805;5980;5810,100098;5840;5400;5429,899902;5060;5499,899902;5350;5270;5010;5400;5605;5451;5660;5870,100098;5710;5900;5870;6038;6239;5893,100098;6410;6431;6550;6399;6765;6650;6135;5998;5999;6000;5750;5850,100098;5950;6050;6000;5800;5750;5832;5750;5551,100098;5465;5471;5210;5252;5464;5500;5430;5503;5389;5499;5546,200195;5700;5665;5788;5740;5900;6190;5925;6020;6336;6200;5950;5915;5955;5910;6054,299805;6050;6153,899902;6111;6210;6260;6225;6150,700195;5955;5915;6150;6210;6220;6370;6200,100098;6000;5801;5840;5948,399902;6001,100098;5801,299805;5960;5929;5700;5700;5722;5830;5830;5895;5752;5715;5881;5675;5650,100098;5600;5585;5700,100098;5644,799805;5511;5695;5670;5569;5525;5460;5425;5440,5;5437,200195;5355;5352;5340;5350;5310,100098;5111,100098;5000;5250;5200;5187;5199,899902;5349,899902;5243,5;5175,100098;5130,5;5201;5150;5111;5150;5019,399902;5080;5016;5045;5114;5060;5020;5070,299805;5036;5000;4940;4900,600098;4907,100098;5040;5000;4930;4999;4948;4860;4784,799805;4765;4845;4721;4795;4642;4598;4535;4447,799805;4300;4250;4199,899902;4299,899902;4430;4588,899902;4900;5195;5150;5227;5364,899902;5400;5448,899902;5468,600098;5328;5336,100098;5469,899902;5600;5700;5507;5360;5390;5752,100098;5625;5825;5801;5660,200195;5631;5616;5630;5500;5490;5608;5547,399902;5656;5494;5445,100098;5450;5323,100098;5343,200195;5310;5247
PARAUCO.SN;1880;1899;1920;1950;1978;1947,5;1998,900024;1940;1900;1898;1875;1856;1835,099976;1780;1734,099976;1750,699951;1800;1795;1805;1810;1810;1830;1805;1850;1855;1890;1890;1910,099976;1915,900024;1900;1900;1920;1901,599976;1880;1882,800049;1877;1900;1860;1792,800049;1745;1720;1680;1720;1725;1725;1695;1707,900024;1666;1674;1650;1480;1480;1130;1060;925;890;909,9799805;860;890;945;1069;1097;1110;1200;1180;1213,099976;1270,099976;1278;1268,400024;1316;1360;1410;1456,300049;1380;1355;1380;1314,800049;1280;1302;1312;1300;1393,199951;1446;1475;1401,099976;1385;1439,800049;1450;1494,900024;1425;1424,5;1369,900024;1306;1300;1300;1330,800049;1355;1391,099976;1408;1440;1448;1428,900024;1380,099976;1350;1387,699951;1416;1423;1418;1425;1450,400024;1391,099976;1402;1388;1380;1350;1355;1380;1379;1380;1440;1480;1446,099976;1490;1460;1490;1490;1550;1590;1620;1605;1550;1519;1510;1531;1499;1460;1450;1361;1320;1370;1375;1390;1381,400024;1374;1335;1280;1295;1321,099976;1340;1350;1340;1316;1317;1361;1379;1325;1335;1339,699951;1324;1304;1297;1295;1275;1235;1210;1225;1240;1205;1197;1200;1227;1205;1215;1200;1184,900024;1154,900024;1180;1148;1113,099976;1100,199951;1108;1120;1120;1090,400024;1100;1100;1094;1065;1099;1096,199951;1099,5;1100;1056;1043,900024;1060;1093,5;1065;1065;1070;1040;1035;1040;1050;1079;1070;1052,900024;1040;1003,599976;984,9899902;992,0999756;982,4699707;945,2000122;934;944;975,2000122;1090,099976;1100;1095;1064;1070;1100;1085;1119;1109;1105;1125;1228,099976;1228;1230;1221,199951;1182;1220;1220;1213,099976;1228;1153,900024;1151;1149;1120;1140;1145;1145;1235;1193;1180;1168,900024;1151,599976;1152,800049;1169,699951;1166;1163
ITAUCORP.SN;4,5;4,559999943;4,489999771;4,489999771;4,426000118;4,400000095;4,397999763;4,349999905;4,210000038;4,06099987;4,018000126;4,011000156;4,031000137;3,880000114;3,882999897;3,930000067;3,950000048;3,900000095;3,880000114;3,880000114;3,859999895;3,890000105;3,75999999;3,779999971;3,811000109;3,832000017;3,875;3,799999952;3,819000006;3,795000076;3,809000015;3,78399992;3,75;3,621000051;3,569999933;3,5;3,529999971;3,440000057;3,410000086;3,299999952;3,25;3,000999928;3,221999884;3,398000002;3,388999939;3,381000042;3,269999981;3,150000095;3,180000067;3,150000095;3;3,029999971;2,5;2,700000048;2,200000048;2,269999981;2,052000046;2,130000114;1,804999948;2,150000095;2,400000095;2,289000034;2,230000019;2,219000101;2,299999952;2,329999924;2,329999924;2,440000057;2,380000114;2,390000105;2,390000105;2,457999945;2,50999999;2,410000086;2,369999886;2,410000086;2,378999949;2,289999962;2,200000048;2,230000019;2,200000048;2,250999928;2,299999952;2,369999886;2,362999916;2,269999981;2,338000059;2,339999914;2,319999933;2,25999999;2,180000067;2,171999931;2,039999962;2,079999924;2,003999949;2,012000084;1,99000001;1,952999949;1,899999976;1,940000057;1,940000057;1,950000048;1,929999948;1,860000014;1,866999984;1,950000048;2,109999895;2,170000076;2,339999914;2,499000072;2,487999916;2,328999996;2,243999958;2,315999985;2,398999929;2,299999952;2,249000072;2,220000029;2,190000057;2,193000078;2,170000076;2,200000048;2,210999966;2,171000004;2,219000101;2,203999996;2,282000065;2,308000088;2,35800004;2,309999943;2,220999956;2,114000082;2,170000076;2,190000057;2,25999999;2,178999901;2,400000095;2,230000019;2,299999952;2,308000088;2,322000027;2,390000105;2,503000021;2,614000082;2,720999956;2,670000076;2,678999901;2,670000076;2,61500001;2,585000038;2,589999914;2,667000055;2,640000105;2,619999886;2,579999924;2,539999962;2,540999889;2,549999952;2,460000038;2,398999929;2,434999943;2,519999981;2,430000067;2,349999905;2,289000034;2,298000097;2,342000008;2,369999886;2,369999886;2,420000076;2,433000088;2,380000114;2,5;2,469000101;2,430999994;2,388000011;2,400000095;2,410000086;2,398999929;2,349999905;2,275000095;2,148999929;2,188999891;2,119999886;2,095000029;2,078000069;2,099999905;2,094000101;2,085000038;2,076999903;2,089999914;2,111999989;2,062999964;2,036999941;2,048000097;2,150000095;2,140000105;2,089999914;2,029999971;2,069999933;2,079999924;2,072000027;2,078999996;2,068000078;2,019999981;2,026000023;1,996999979;1,996999979;2;2,039000034;2,085000038;2,020999908;1,980000019;2,015000105;2,029999971;2,115999937;2,130000114;2,130000114;2,069999933;2,039999962;2,099999905;2,079999924;2,170000076;2,25;2,263000011;2,275000095;2,25;2,210000038;2,203000069;2,191999912;2,210000038;2,25;2,279999971;2,299999952;2,361000061;2,299999952;2,299999952;2,319999933;2,299999952;2,25999999;2,272000074;2,321000099;2,349999905;2,319999933;2,289999962;2,338999987;2,25999999;2,27699995;2,302999973;2,339999914;2,390000105
AGUAS-A.SN;322;324;335;332,9299927;342;341;338,2999878;336;341,980011;326,1000061;328;321,2999878;315,1000061;300,25;299,019989;299;307;303;304,5;304,8999939;309;300;304,5;306,4299927;316,1400146;317;316,3999939;309,1000061;304;302;304;306;305,0100098;305,1199951;306;303,5;296;290,0100098;286,980011;284,1600037;278,2000122;280,0100098;271;270;272,1000061;269;267;258,9899902;258;254,1999969;233;235;195;230,9900055;222,6000061;230,1000061;222;202,1000061;206,1000061;220;230,5099945;230,0099945;237;252;249,5;262,7200012;255,1000061;255;257,019989;251,8000031;249;255,5;259,1000061;262;258;260;259,980011;251,1000061;249;259,9899902;250;261;274,2999878;280;280;277,3099976;281,480011;281,5400085;275,0100098;265,2200012;263;261,5;245;247;242,5299988;254,8999939;251;255,6000061;251,1000061;251,8500061;250;251,8000031;241,25;235,1000061;243;250,3999939;260;268;275,0400085;276,8999939;290;280;280;275,4899902;273,2999878;277;270,2000122;266,0100098;266;267;271,9899902;272;280,5899963;275;278,2000122;287;287;288,1000061;295;297;299,7999878;287;290;297,019989;297,1099854;286,6499939;287,5;278;272,8999939;272;265;269,1300049;272,0100098;272;268;264;266,1400146;261,519989;258,0100098;260,0599976;263;263;263;266,1000061;268,980011;262;263,8999939;269;269,6000061;265;263;262;260;252;250,6999969;245;238,9900055;233;234,5;240;235;231,8000031;233,9799957;237;233,5;228;223,8000031;227,5;225;224;228;221,6000061;224,0099945;224;222,1600037;223,5200043;221,1399994;224;220;219;216,9799957;215,5;214,8999939;214,8999939;212;213,4499969;209,4499969;212,3000031;220;219,2100067;213,6999969;214,6000061;214;211,5;212,5;206,8899994;202,6600037;201,7899933;203;200,8699951;199,3999939;190,3999939;192;190;200;211,8600006;214;203,6000061;194,3699951;196;193,5;205,7100067;205,0200043;207,9900055;217,3000031;222,1000061;225;222,5;225;221;221;221;230;233,9600067;237;237;240;226,5700073;227,5;226;222,8399963;216,9900055;215;218,8999939;219,75;220,0200043;223;223,3999939;225,5;224,5;228,9900055
COLBUN.SN;128,8699951;130,75;131;130,8899994;126,3000031;127,5;128,8999939;128,1000061;127;127;127,1999969;127,8799973;125,5999985;122;121,5;120,4899979;120,1999969;117;117;116,1200027;114;116,5;116,5100021;118;118;119,1999969;119;117,9100037;118;116,6200027;116,2099991;116,9700012;117,8399963;114,5;114,0100021;113,0100021;114,3300018;113;110;107;106,9499969;102,6999969;105;104,0999985;106;106,5;103,0100021;99,98999786;102,0999985;100;95,69999695;97;83;92;83;88,94999695;92,38999939;82;81,09999847;83,5;85;87;89;93;97;105,8000031;109;109,5800018;111;113;116;115,5;117;117,8499985;119;116,25;116;115;112,0999985;113,6100006;113;115;117,9000015;120;122,5;120;126;128,8999939;116,5199966;115,0999985;115,9899979;111,3000031;108,2099991;111,0699997;106,1999969;113,0100021;118;124;119,7699966;123,2900009;125;126,9899979;124,9000015;130,9199982;124,0999985;124,5;127,9899979;128,25;130,2100067;134,75;130,0200043;124,6999969;127,4000015;130,4799957;125,0999985;127,6500015;128,6999969;127,5;126,0999985;125,5999985;129;130;133;131,5;131;134,1999969;138,5;138,9900055;140,5200043;139,9900055;138,5;134,8000031;135;137,5;139,5;136;134,5;134,8500061;132,5;135;136,5;136,5;136,5;136,5;136,4799957;136;136,9900055;137,5599976;134,7100067;133,5500031;134;135,8999939;135,3699951;134;134,5;130,8999939;134,8999939;136,7899933;133,5;133,5;135;139,5;135,8000031;130,0299988;127;126,9899979;126;120;120,1100006;121,6200027;124,6500015;123,5;129,75;133,8699951;130,3999939;130,3500061;129,75;128;128,8500061;126;123,9000015;121,5;122,0100021;120,5999985;121;122,8799973;124,5;124,9899979;126,9000015;124,2099991;125,0999985;124;123,6999969;119,0199966;123,9700012;124,1999969;124;124;126,5;126,1999969;124;122,5;127,0100021;127;125,9300003;124;122;120;119,2600021;116,6999969;115,0199966;117,1999969;119;123;128;128;128,75;128,5;127;129,8899994;131,3000031;131,1999969;132,3000031;130,3899994;129,5;130;134,9900055;129,0500031;130,5;125,5100021;122;125,0999985;127;126,3000031;125,9800034;125;124;124,6500015;119,0100021;118,5899963;121,4800034;123,9000015;128;124,9000015;124;124,75;124,8300018;123,0999985;125,1999969;126;125,5
ENTEL.SN;5400;5500;5470,899902;5500;5563;5600;5749;5600;5918;5670;5485;5450;5450,799805;5298;5281,5;5309,399902;5380;5244,600098;5165;5180;5150;5250;5230;5210;5122,100098;5027;5080;5145;5220;5145;5150;5160,399902;5037,200195;4980;4899;4825;5037,5;4840,5;4798,899902;4703;4625;4304,600098;4490;4400;4453;4430;4385,100098;4350;4405;4270;4005;3881;3300,100098;3326;2940;3030;3160;3160;3200;3379;3450;3420;3523;3620;3950;4110;4379;4450;4149;4349;4448,899902;4400;4416;4271;4180;4310;4260;4051;4222;4420,100098;4360,100098;4550;4745;5040;5050;4780;5030;5300;5325;4912;5050;4855;4779;4899;4832;5100;5063;4896;4925;5060;5100;5198;4970,100098;5100;5100;4999,899902;5099;5199;5398;5489,899902;5600;5655;5560;5600;5500;5600;5502;5570;5505;5410;5397,399902;5350,100098;5407,100098;5280;5300;5491;5615,700195;5658,399902;5720;5750;5740;5601;5455;5679;5839;5599;5325;5199,899902;5250;5370;5370;5490;5555,799805;5579,799805;5400;5429;5398,200195;5101;5250;5308;5320;5320;5300;5280;5298;5280;5260;5344;5275;5216,899902;5150;5100;5032;4908;4794;4948,899902;4905;4706,399902;4745;5080;5045;4861,200195;5038;4870;5039;4869;4715;4660;4662,200195;4599,200195;4785,399902;4709;4620;4450;4667,200195;4850;4665,200195;4551;4888;4816;4756,799805;4605;4599;4482,299805;4669,899902;4580;4480;4460;4770;4750;4670;4750;4901;4900;4998;4825,5;4699,799805;4562,799805;4460;4358,700195;4435,100098;4521,600098;4580;4850;5209,899902;5199,799805;5212;4824,100098;4605;4750;4680;4752;4899;4700;4750;4650;4736;4671;4710;4615,100098;4620;4690;4680;4640;4670;4620;4608;4501;4406;4413,100098;4529,399902;4510;4536;4440;4465;4510;4450;4450;4415;4420;4409
ECL.SN;1195;1160;1185,800049;1186;1189,900024;1184;1214,900024;1192;1183,900024;1193;1228,900024;1227;1200;1175;1160;1149,599976;1125;1120;1122,400024;1108;1090;1120,099976;1140;1150;1144;1111;1110;1095,099976;1099,900024;1132,5;1145;1144,800049;1142,900024;1116;1147;1133,099976;1118,099976;1125,800049;1086,099976;1080;1080;1054,800049;1050;1087;1055;1050;1043,800049;1013,299988;1022,299988;994,9199829;949,8200073;953,8400269;760;864;814,5499878;880,9000244;950;846;820;864;920,2600098;914,5;870;944;909,9899902;965;965;1025;1009;1006,200012;989,9899902;1020;1090;1020;1040;1025;1024,800049;1000;1000;985;960;1026,800049;1028;1040;1030,199951;1020;1023,400024;1030;1030;1000;998;980;925,2000122;950;950;950;945,0100098;980,0999756;997,9799805;1010,5;1010;985;965;945;964;970,9099731;990;1000;1030,199951;1072,099976;1070;1069;1040,300049;1061,199951;1080;1050;1090;1085;1120;1097;1099,599976;1101;1126,5;1120;1099;1100;1145,5;1165,900024;1196,900024;1215;1195;1140,300049;1145;1133;1155;1119;1076;1075;1052,199951;1078;1100;1105;1120;1120;1090;1100;1085;1099;1100;1119,5;1115,5;1095;1089,099976;1097,400024;1078;1083;1071,699951;1060;1064;1059,800049;1050,400024;1057;1040;1020;1026;1007;1019;1050;999;995;1025;1010,599976;1035;1001,200012;1039;1000;1010;992,1799927;1012,400024;990,0999756;990;991,9400024;990;963,8200073;970;968,1099854;969,9799805;949;977;979,2000122;969,460022;962,4199829;954,1699829;920,0200195;937,0300293;936,2299805;944,8099976;940;928;923,6900024;907,1099854;897,9899902;893;900;908,2700195;899,3400269;861;845;823;814;835,5599976;800;814,0700073;843,7700195;883,0300293;885,0700073;891,9199829;880;841;845;840;831;820;828;850,0999756;872,0100098;906;865;955;925,9899902;920;905;910;893,8200073;897,0300293;900;879,539978;876,6599731;875;855;862,6699829;859;860;889,9000244;864;865;857,6400146;853,5599976;855,7700195;876,3900146;870
CONCHATORO.SN;1474;1444,5;1460;1452,400024;1459,800049;1443;1490;1453;1435;1458,699951;1460;1419,900024;1428,199951;1390;1390,199951;1420;1431;1405,099976;1428;1431,300049;1401,199951;1437,800049;1405;1403,099976;1410;1410;1389,900024;1396,900024;1400;1390;1400;1385;1380;1380;1372;1363,599976;1368,199951;1339,5;1312,199951;1301;1290;1354,5;1338,599976;1320;1308,599976;1275;1249,199951;1213,800049;1225,099976;1255;1175;1160,5;1030;1001;968,3200073;1017,700012;999,8900146;998,9899902;990,3200073;1020;1053,099976;1045;1050;1080;1130;1120;1158,099976;1192,900024;1180;1200;1185;1190,5;1199;1224;1219;1230;1180;1132,900024;1175;1200;1160;1198;1329;1290;1315;1265;1259;1271;1336;1280;1281;1250;1200;1195;1190;1190,099976;1215,099976;1233;1240;1225;1189,900024;1201,400024;1174,199951;1150;1200;1240;1220;1194;1200;1195;1216;1245;1253,099976;1235;1242;1254,800049;1273,599976;1280;1251;1277,199951;1275;1271;1300;1272,5;1277,900024;1270;1295,599976;1294,099976;1317,300049;1306;1298;1240;1237,199951;1270,099976;1264,5;1210;1215;1201,199951;1205;1262;1281,599976;1298;1294;1291;1275,199951;1235;1260;1300;1359;1356,699951;1400;1380;1360;1369,900024;1367,800049;1358;1354,400024;1363;1358,800049;1355;1356,699951;1343,5;1357;1329,900024;1321,699951;1307;1305,599976;1349;1300;1280;1288,199951;1274,099976;1282,300049;1276,900024;1253;1206,099976;1213,099976;1203,800049;1220;1239;1300;1260;1253;1228;1230;1230,300049;1246;1224;1285,800049;1289,699951;1268;1255,699951;1249;1267,599976;1257,699951;1267,199951;1293,699951;1260;1270;1262,099976;1243,099976;1254,800049;1258,599976;1330;1269,900024;1233,900024;1236,400024;1240,199951;1220;1234;1265;1258,099976;1236;1230;1255,099976;1255;1275,5;1269,900024;1240;1250;1280;1258;1249;1241;1242,800049;1250,5;1239;1215;1220;1268,099976;1314;1300,099976;1274,599976;1240;1232,599976;1250;1258;1250,699951;1232,199951;1230,300049;1238,300049;1246;1247;1240;1222;1223,900024;1222;1215;1222,900024;1219,900024;1233,699951
RIPLEY.SN;355,9200134;359,5700073;371,0100098;390;418,4299927;413,1000061;417;425;432;440;443,5;437,8900146;434,8999939;421;415;397,2999878;390,1000061;375,4899902;377,9599915;379,7900085;372,1499939;373,4100037;371;370,3900146;365;356,0899963;346,7999878;350,8399963;362;353,2399902;341,7000122;344,2799988;345,5499878;340,0400085;340;338,7999878;341,7600098;335,25;334,5899963;334,5899963;331,6799927;320;326,9400024;326,7399902;326,75;319,8500061;313,9200134;306,1799927;317,1000061;316,3399963;282,519989;292;241,1600037;229,3600006;213,1699982;210,3000031;200;180;179,9700012;172,4600067;184;182;181,2899933;194,5500031;200;215;225;240;235;254,7400055;261,9700012;264,9700012;283,2600098;285;277,9500122;272,1099854;261,980011;248,5;249,6699982;250;241,8800049;257,2999878;259,9899902;268,7999878;260;246,9900055;254,0800018;253,9900055;250,5;239,8999939;233,1000061;220,5;200;201,9900055;208,8999939;218,1300049;216,0899963;228;219,5700073;227,1799927;223,9799957;220,9600067;209;209;205,5899963;210;228,1000061;237;248,8000031;263;267;260,4700012;245,7899933;245;256;255,6600037;250;250;255;254,9799957;264;267;272;270;267;268,019989;284;292,9599915;301,8599854;297,1000061;284,5;269,9500122;269,2999878;276,1499939;279,730011;268,269989;263;255,5;246;248,1999969;254,9600067;264,0700073;267,3099976;265;258;249,1000061;259;257;252,8999939;253;254,8200073;257,8999939;263,8299866;268,019989;267;272,5599976;274,7200012;274,5;271,8699951;263,9899902;262,2600098;256;251,9900055;245;242,3800049;244;247,4900055;285;248,8000031;250;251,8999939;246,8099976;247,7899933;243,7100067;241;238,6199951;235;234,3999939;241,1000061;238,0099945;259;251;247,8699951;237,9799957;237;234,5200043;225,9900055;220;215;220,9700012;226,7400055;228,6600037;219,7799988;214;212,6600037;217,1999969;215,4700012;211;210,1999969;213;203;213,9799957;214,1900024;206,3000031;212;210,9700012;210;204,4299927;199,9799957;192,8600006;192,3000031;183,7799988;182,2899933;192,8099976;196,0399933;210,7700043;216;220;214;220;222,1000061;217,8999939;223,8999939;223,5599976;222,25;224,6100006;230,7299957;235;234,3000031;242;240;243,6000061;236,3999939;234;230,6000061;218,3399963;226,4499969;226,5;223,1300049;222,9299927;220,5899963;218,9900055;222,7100067;218;216;216,9900055;213,7799988;214;217,25;220;221
AESGENER.SN;163,3999939;164,1000061;163,8000031;163,8000031;163,2400055;163;164,5;161,0399933;161,0299988;159,6000061;159;157,5;157,4100037;154,0200043;149,9799957;145,5;146,3999939;145,3000031;146,0099945;148,5;145,5;148,8999939;146,1000061;146,6499939;145,5;145,1999969;144,7299957;144,1100006;146,5599976;145,6000061;144,4799957;145,2700043;145,0800018;141,9274902;145,3670349;145,8203735;145,4557343;142,164032;141,9373474;142,903183;140,3013611;118,6983414;121,31987;121,2213211;125,163475;129,1154938;129,1056366;125,163475;131,9045715;133,0477905;126,1490173;131,0767059;113,3370056;112,8343811;101,5105362;105,4526901;109,3948517;98,258255;98,55391693;100,7221069;107,4237747;104,4671555;101,5105362;102,4960785;105,4526901;112,3514633;108,4093094;109,3948517;110,8830109;111,3856354;109,3948517;112,3514633;112,459877;114,9138718;110,8731613;116,2936249;115,3080826;113,3370056;122,1970062;119,7430115;117,3777161;123,1923981;123,1825409;126,0406036;121,2410278;119,348793;122,6897736;125,163475;124,1779404;120,2357788;111,9671097;111,4644775;106,6057739;107,5223236;108,4093094;112,3317566;109,4934006;110,1832809;110,3803864;111,1688156;112,8442383;113,3370056;109,2075958;108,3896027;110,8140259;111,3067932;112,2529144;115,4164963;119,2502441;121,4085693;119,2502441;117,4269943;113,3862839;117,1608963;117,2791595;119,2502441;123,6161804;123,1923981;118,2647018;117,6635208;115,3080826;116,6878357;116,6976929;115,4066391;116,2936249;116,7863922;118,4618073;120,2160721;122,9263;123,2909546;122,2068558;118,0971603;118,0478821;118,2844086;121,6056824;117,2890167;119,3290863;118,1957169;116,2936249;119,7528687;120,4328842;121,9407654;124,9565125;124,1779404;122,6996307;121,2213211;127,9229889;125,163475;125,163475;126,1095963;127,0754242;129,0464935;133,0379333;134,0333252;135,0385742;132,0622559;135,8072968;137,561554;136,0044098;133,5405579;134,5260925;134,5260925;126,1490173;120,7975388;122,0097504;122,3941116;120,4821625;124,6608505;121,4085693;121,2213211;121,0242081;121,1227646;123,7837219;126,1194458;123,2022552;120,2357788;120,245636;121,2607422;120,2357788;118,2647018;122,2068558;119,4473495;122,0097504;118,8560257;120,6102829;118,7673264;117,2988739;120,2357788;119,2502441;120,7285461;120,2062149;121,2213211;119,2502441;116,2936249;115,6037445;119,2305298;119,9696808;117,4269943;118,7574692;122,0097504;123,1923981;124,1779404;126,1391602;118,7574692;120,2160721;119,6641693;117,5748215;116,2936249;113,3370056;118,2647018;115,3080826;110,9520035;111,5827484;111,8291321;119,4670563;123,2613831;122,6996307;121,2213211;120,2357788;121,7140884;122,2068558;122,6996307;122,8967361;123,1923981;125,6562424;128,1200867;130,5839386;132,0228271;134,0333252;135,4229431;133,0477905;131,1752625;131,4610748;133,0379333;117,2791595;117,2791595;117,2791595;118,3632584;117,8507767;117,8704834;116,7863922;117,0327759;116,6089935;116,441452;116,2936249;117,2791595;118,25;117,3199997;116,5;116,5899963;117,8000031
ANDINA-B.SN;2158;2169;2180;2199,899902;2210;2172;2199;2210,100098;2212;2244;2200,100098;2247;2179;2126;2128,600098;2121,100098;2125;2090;2130;2120;2100;2089,899902;2036,400024;2087;2060;2041;2061;2049;2050;2032;2037,599976;2035;2030,300049;2010;2040;2020;2015;1970,699951;1900;1982;2017,5;1975;2000;2014;2075;2120,100098;2060,600098;1923;1975,199951;1990;1873,800049;1924,900024;1605;1785;1600;1630;1590;1601;1580;1670;1760;1760;1730;1898;1800;1810;1840,099976;1925;1871;1900;1861;1906;1950;1865;1881;1890;1844,400024;1775;1753;1767;1715,099976;1780;1840;1949,900024;1994;1957;1974;2025;2015;1940;1920,599976;1895;1850;1900;1900;1990;1920;1939;1906,599976;1900;1920;1950;1926;1921;1880;1930;1930;1900;1960;2004;2000;2060;2095;2095;2109;2100;2174;2170;2052,800049;2061;2072,100098;2060;2072;2027;2010;2018;2074;2109,199951;2120;2110;2055;1991,099976;2018,199951;2050;2091;1980;1945;1890;1899,900024;1880;1880,099976;1859;1888;1914;1865;1831;1900;1870;1810;1823,5;1880;1865;1876;1830,199951;1823,900024;1809;1780,199951;1815;1810,599976;1782,199951;1800;1810;1775,099976;1735;1725;1708;1704,599976;1656;1622,099976;1730;1780;1805;1810;1800;1798;1780;1793,300049;1790;1792,800049;1790;1774,199951;1710;1710;1652;1694;1694;1724,300049;1720;1735;1675;1680,900024;1674,900024;1663,199951;1650;1679;1672;1745;1707,199951;1655;1620;1627;1675;1655;1670;1640;1622;1594;1618;1601;1610;1635;1580;1588,699951;1620;1682;1710;1705;1665;1616,099976;1615,099976;1645;1699,900024;1718;1666;1658;1659;1681;1694;1696,900024;1710;1725;1750;1750;1780;1770;1740;1797;1750;1740;1750;1735,199951;1738;1780;1789,900024;1752,199951;1755,199951;1780;1784;1836;1821,099976;1829
SONDA.SN;655;657,4500122;662,7700195;675,4500122;670;672,7800293;695;684,5700073;670,3300171;664,6699829;659,9400024;654,6900024;640;626;617,6500244;611,0100098;610,0599976;609;624,7000122;625;610;618,9500122;612,1099854;611,9799805;610;599,8200073;592,6900024;620;639,9000244;630;620;625;626,3900146;625,5999756;612,1500244;600;607,8800049;599,9799805;600,6500244;594,3300171;585,039978;578,8699951;590;580,9799805;575;570;560;535;549,2999878;544,7800293;514,75;520;468,3999939;449,0700073;378;400,8399963;417,230011;419,6499939;400;410,2999878;445,769989;430,230011;420;449,3699951;430,9599915;450,019989;473,3800049;500;516,1900024;520;542,210022;575,5999756;590;570;543,7800293;555;535,7999878;520,9699707;529,0700073;510,2999878;498,519989;510;514,9899902;508;504,980011;470;490,3399963;503;519,9699707;490,1000061;475;463,8999939;442;445,5;453,8800049;461;469;480,269989;484,019989;487,7600098;480,2999878;476,8399963;478,9700012;480;498,8099976;502,4700012;517,2299805;532;549;562,75;560;547,2199707;515,6799927;520,0599976;515;531,210022;543;540;540;530,6199951;540;537;541,0300293;536;540,1300049;540;565,0100098;581,710022;608,039978;598;590;564,4400024;562,7600098;584,289978;595;570,3599854;570;555;560;576;590,039978;615;634,8099976;621,5599976;604,9699707;595;610;609,8800049;596,3400269;605;615,1599731;620,289978;616,6400146;630;645;639,0700073;641,6599731;644,8900146;640,0700073;620,4199829;615,0100098;615;614,9500122;596,8699951;605;605;605;599,960022;580;585;585,2199707;571,7000122;582,9899902;593,789978;570;569,6099854;560,4699707;580,6799927;565,5300293;568,8099976;585;571,8099976;574,5;554,0599976;620;569,4199829;571,4899902;560;559,5300293;560,710022;556,7399902;550,0999756;542,210022;533,3499756;528,0100098;545,75;525,8499756;539,5;530;529,3800049;516;511,5;531,3200073;548;541,8499756;533,9699707;535,9500122;519,6599731;498,8900146;490,1799927;498,480011;481,7399902;469,8999939;475;481,3699951;499,980011;507,1000061;506,75;486;497,4599915;505,6300049;501,9700012;504,730011;498,2999878;501,6099854;507;500,1000061;480;500,5799866;496,6499939;505,480011;497;490;488;480,8599854;478,9899902;484;474;473,4400024;473,4599915;472,730011;466,5400085;465;456;439,9400024;444;434,0100098;439;434,9899902;437,6199951;436,4599915
CAP.SN;5710;5801,200195;5714;5660;5638;5589,899902;5680;5670;5600;5450;5355;5410;5370;5280;5279,899902;5166;5200;4950;4950;4964,899902;4871,700195;4760;4630;4989;5000;4941,5;4710;4775;5088;5161,700195;5095;5144,200195;5170;5035;4940;5100;5038,399902;4810;4780;4705;4769;4630;4869;4898;4846,600098;4700;4729,5;4498;4626;4500;4150;4300;3500;3450,300049;2501,100098;2750,100098;2800;2599;2800;3200,100098;3275;3200;3500;3671;3620;3740;3696,199951;3950;3815;3881,600098;3980;3924;3970,100098;3871;3900;3950;3866;3700;3700;3925;3810;3951;3995;4100;4075;3994;4000;3975;4079;4050;4021,5;4030;3838,5;3900;4000;4185;4490;4719;4900;5200;5000;4900;5175;5205;5350;5535;5450;5350;5400;5640;5600;5650;5400;5400;5318;5280;5307,200195;5190;5150;5300;5480;5450;5400;5310,5;5320;5459,799805;5622;5630,700195;5780;5650;5681;5498;5485;5666;5900;5700;5584;5350;5450;5760;5860,100098;5855;5850;5830;5779,799805;5695;5700,100098;5870;5925;6040,100098;5964,700195;6090;6641,899902;6689;6764,899902;6599,799805;6719;6859;7118,899902;7130;7249;7130,299805;7049;6917,899902;6990;7064;6980,399902;6900;6890;6900;7075;7050;7290;7279,899902;7210;7106,5;7300;7525;7499;7203;6860;6698,899902;6664;6255;6330,100098;6264,899902;6299;6399;6615;6650;6550;6719,899902;6620,100098;6425;6590;6636,799805;6690;6677,399902;6520;6500;6340;6320;6501;6580;6617,399902;6525,700195;6598;6433;6380;6380;6427,899902;6465,600098;6440;6650,100098;6966,600098;6815;6870;6940;6855;6820;6870;6920;7080;7100;6979;7010;7140;7099;7180;7175,5;7250;7352;7360;7418;7599,899902;7696,799805;8196,799805;8360;8500;8951;8738;8835;8851;8980;9445;9260,700195;9280;9290;9691;9500;9545
ILC.SN;8381,5;8342;8383,900391;8326;8150;8119,899902;8192,700195;8130,299805;8124;7923,299805;7900;7904;7605;7312;7116,399902;6958,200195;7114,299805;7005,799805;6988,100098;6920;6896,799805;7299,899902;6899,100098;6801,5;6934,5;6979,700195;7100;7000;6977,5;6975,299805;6827,600098;6860;6893,700195;6772,399902;6593,600098;6477,299805;6452,600098;6290;6209,700195;6151,100098;6200,299805;6121,899902;6224,899902;6387,5;6856,200195;6656,899902;6495;6073,5;6169,5;6157,799805;5816;5721,799805;4577,299805;4829,100098;4251;4422,200195;4500;4055,5;4113,399902;4226,799805;4563,299805;4896,100098;5019,600098;5480;5264,399902;5298,5;5450,100098;5797,200195;5682,600098;5776,799805;5956,700195;6080,100098;6022,299805;5699;5713,700195;5851,600098;5600;5368,5;5392,200195;5493,100098;5490;5648,299805;5820;5761;6300;6065,700195;6057,299805;5900;5920,700195;5850;5821;5727,600098;5460,399902;5357,899902;5335,700195;5364,799805;5385,399902;5398,899902;5361;5293,399902;5085,299805;4501;5000;5200;5290;5286,899902;5182,700195;5290;5450;5603,299805;5514;5450,399902;5350;5351,899902;5400;5365,700195;5522,799805;5500;5250;5400,399902;5569,5;5416;5457,799805;5360,5;5500;5373,799805;5490,200195;5599,399902;5653;5550,700195;5298,600098;5120,700195;5091,799805;5272,200195;5232,600098;5051,299805;5116,200195;4960,899902;4814,399902;4994,600098;5109,200195;5290;5288,100098;5394,600098;5279,5;5203,200195;5350;5102;5216,899902;5217;5161,799805;5134,600098;5113,200195;5194;5200;5055,399902;5017,5;5001,399902;4996,600098;4986,5;4873,299805;4899;4894;4762,700195;4585,700195;4732,5;4929,5;5050;4890;4890,200195;4991,399902;5042,799805;5058;4995;4800;4836,700195;4700;4847,899902;4863,200195;4781,799805;4879,299805;4707,899902;4699,5;4474,700195;4411,100098;4462,899902;4400;4399;4669,700195;4655,600098;4618,299805;4562,299805;4312;4239,700195;4217,899902;4265,700195;4166,899902;4125,200195;4073,399902;4047,399902;3913,100098;3994,899902;4033,899902;3816;4004,699951;4139,100098;4291,100098;4195;4100;4150;4013,199951;4039,399902;4013,300049;4086,699951;4300,899902;4475,5;4395,799805;4287,200195;4220,799805;4296,5;4300;4366,399902;4358,200195;4310,700195;4324,399902;4399,799805;4601,600098;4615,299805;4618,799805;4603,5;4749,899902;4831;4939,299805;4837,799805;4812,399902;4700;4739,799805;4652,399902;4649;4635;4644,899902;4612,799805;4613,399902;4500;4525;4584,399902;4524,399902;4550;4639;4600;4700
SALFACORP.SN;468;487;487,8299866;504,8200073;501,2099915;487;503;502;500,9299927;498,0100098;492,269989;475,5;475,5;456,5100098;446,3099976;432,6000061;432,5;419,9299927;425;425;420,0100098;415,5899963;418,4599915;421,3999939;429,3800049;426,8099976;433,1499939;436,2399902;447,1000061;460,1199951;452,8800049;449,3999939;448,9299927;439,9700012;418,9200134;405,1600037;409,3800049;393,9200134;387,5899963;387,1900024;390,0899963;383,9100037;401,7000122;409,9899902;400,5799866;397,0400085;390;376;386;384;355,9200134;366,5;336,4700012;332,9400024;283,1499939;270;266,8900146;257,6799927;260;250;260,0400085;251,3500061;257;280;273,5;291;295,230011;310;322;363,8599854;358;344,9200134;364;364;354,1900024;357,7099915;356,6499939;334,7799988;334,9899902;346,6799927;335;349,7099915;363;372,9400024;361,1000061;332;347,0499878;361,3500061;373,1900024;367;350,1300049;339,2999878;318,9899902;315,1000061;309,0100098;320,4599915;319,730011;355;356,5;360,980011;380,0799866;368,2200012;355,1000061;355;361,4599915;355,3999939;375;386,3399963;430;440,0100098;450;429,730011;405,1000061;414,9599915;400,1499939;400,3900146;415;435;435,0299988;435,5299988;431,230011;425;441,2999878;437,7900085;436,269989;450;480,2900085;490;493,9100037;489,730011;477,3900146;453,9100037;465,0799866;478,3299866;474,7799988;445,9100037;433,0499878;419,8299866;415;431,5599976;445,9299927;470,6199951;468,1499939;442,5299988;445;433,4200134;441,2600098;460,2999878;463,1199951;451,8500061;459,4899902;465,2099915;460,6900024;462,8800049;466,7799988;455;453,3800049;466,6499939;464,6499939;463,5299988;459,8699951;458,6199951;462,0299988;444,2399902;429,0499878;440;450;430,4400024;440;440,4299927;449,6499939;445,3500061;446,8299866;446,8299866;442,0100098;442,0100098;434,8800049;434,5799866;438,5700073;434,7000122;422,8599854;420;418,3999939;400,0799866;405,3500061;405,0700073;412,1099854;400,3599854;414,1400146;407,0899963;418;412,6099854;412;404,1000061;405;418;416,8699951;420;419,9500122;420;414,5400085;407,8900146;418,8599854;396;405,9899902;413,2600098;413,8800049;397,8599854;381,9200134;374,1799927;378,480011;385,8200073;389,8500061;397,3500061;410;420,6799927;410;402,6000061;389;393;400,8500061;400;405,1400146;397,4299927;400;400,8200073;410;412,1700134;416,730011;419,1300049;417,25;417,1799927;416,8999939;415,269989;416;410,2999878;409,2600098;402,7900085;399,4899902;395,0400085;400,3999939;394;405,6000061;390;400,4299927;412;412;414,9899902;408,230011;408,6799927;408,9500122
SECURITY.SN;198;194,9900055;193,5;190,5800018;186,1499939;184,5200043;184,1300049;188,4600067;188,2899933;188,5099945;195,3999939;197;200,0899963;198,0599976;192,1000061;191,9600067;188,5;182,3399963;188;185,5;184,75;181,0599976;180,1000061;181,9900055;181;181,0200043;181,0099945;181,75;185,5;185,8099976;184,3999939;183,9600067;182,9900055;181,1999969;179,6399994;176,7299957;175,7799988;173,6300049;170,0899963;167,0800018;162,4600067;161,4100037;171,9900055;175,9199982;177,3099976;173,5599976;170,5800018;166,8500061;165,6399994;167,9199982;159;162,3500061;148,6300049;145,1000061;129,8999939;134,1100006;139,5800018;134,8600006;130;129,9900055;131,9400024;130,2400055;133,3999939;142,6399994;135,9900055;138,8800049;138,5299988;144,5299988;145,9700012;148,4299927;154,9400024;153,1600037;150;144,3999939;141;144,1100006;143,2400055;142;143,3600006;143,9700012;139,7599945;143,4199982;147,6300049;149,8999939;148,6999969;146,9600067;145,5;145,9499969;150;149,5;152;152,8999939;150;153,8999939;161,1999969;157,5099945;155;152,9100037;151,5;151,4499969;151,9199982;149;149,8000031;148,2899933;149,3000031;148,8000031;147,8399963;146,9400024;153;157,5800018;153,1100006;148,5200043;147,6900024;148,9900055;146;145,8099976;147,5899963;146,3099976;146,2200012;146,1300049;147,25;147,8999939;147,3500061;145,8399963;146,9900055;146,9700012;146,9700012;149,0099945;153;153;149,8899994;145,6300049;146,3600006;148;149,1600037;147,2100067;148;145,2899933;141,6000061;143;148,0099945;149,7400055;149,5599976;150,3899994;149,3500061;147,1900024;152;150,8899994;150;148,0800018;150,5;149,8600006;150,7100067;154;155,5;155,5;155,5;157;156,75;157;156;156,9700012;155,7299957;153,8500061;154,8699951;154;154,5399933;153;150,8800049;149;149,4100037;148;147,0299988;147;145,7400055;145,7400055;146,2599945;144,9900055;144,9799957;141;141;139,7899933;136,8999939;132,0299988;131,6699982;131,9100037;129,1100006;127,6800003;129,9100037;129,9100037;131,2200012;132,6999969;132,9900055;130,8600006;129,2299957;130,5700073;130,6900024;130,7100067;130,0200043;128,5399933;123,9499969;126,5400009;127;129;131,5399933;126,8000031;126,7200012;123,5199966;122;120,0999985;124,9499969;122,1299973;120;122,8000031;127,0100021;131;132,0700073;134,3999939;132,1000061;133,3500061;135,5700073;134,5599976;135,6199951;136,6799927;136,8099976;137,6199951;137,2799988;137,8800049;138,9900055;138,9799957;139;136,9199982;135,3699951;135,7400055;136,1600037;134,1000061;134,3099976;134,6199951;134,9900055;135,2200012;135,3300018;133,5899963;134,5299988;131;130,0500031;131,4600067;127,8600006;129,0800018;130,2899933;129,6199951;131,9299927
VAPORES.SN;27,21999931;27,19000053;26,75;26,87999916;26,52000046;26,85000038;27,48999977;26,25;26;26,19000053;26,12000084;26,19000053;26,11000061;26,14999962;26,12999916;25,88999939;26,14999962;25,29999924;25,29999924;25,35000038;25,5;25,17000008;24,75;25,19000053;25,5;25,60000038;25,37000084;25,29999924;25,5;25,5;25,45999908;26,32999992;25,79000092;23,70330048;23,6753006;23,7968998;23,60980034;23,11380005;23,04829979;23,26350021;22,88920021;22,44939995;21,71010017;21,98150063;21,9720993;21,95339966;22,00959969;21,70079994;21,8878994;21,7663002;21,42939949;21,42000008;19,18350029;19,18350029;12,91380024;13,19449997;14,09000015;11,22939968;11,41650009;12,84829998;14,37360001;14,99120045;15,58080006;15,92700005;15,64630032;16,42300034;16,21710014;16,37619972;15,9083004;16,09539986;16,37619972;16,29190063;16,56329918;16,56329918;16,47909927;16,56329918;16,58200073;17,70000076;16,93759918;17,92020035;17,92959976;18,4817009;18,89340019;18,66880035;18,71559906;18,00440025;18,17289925;18,24769974;19,27709961;19,51099968;19,46419907;19,66080093;19,41749954;19,31450081;19,32390022;19,46419907;19,35199928;19,44549942;19,29579926;19,39870071;18,8185997;18,43490028;17,96699905;17,49909973;17,69560051;17,83600044;18,24769974;18,6875;18,80920029;18,90279961;18,80920029;18,66880035;17,92020035;17,74239922;17,31200027;17,51779938;17,77050018;17,77980042;18,61269951;18,13540077;17,8173008;17,80789948;17,76110077;17,31200027;17,6114006;17,71430016;18,23839951;18,46299934;18,91209984;18,73430061;18,6875;17,77980042;18,20089912;18,44420052;18,36940002;17,76110077;17,82659912;17,44300079;17,49909973;17,82659912;18,43490028;18,10740089;18,44420052;18,22900009;18,11669922;18,1541996;18,38809967;19,18350029;18,71559906;18,94020081;18,84659958;19,90410042;21,15800095;21,05509949;20,5590992;21,04570007;21,85050011;22,04700089;22,08440018;22,87050056;22,5522995;22,9265995;22,87999916;22;21,97999954;22;22;21,10000038;21,5;21,45000076;21,29999924;21,70999908;21,90999985;21,5;21,37000084;21,22999954;21,23999977;21,20999908;21,29999924;21,14999962;21,25;21,04000092;20,93000031;20,54999924;20,48999977;20,60000038;21;21,13999939;21,04999924;21,76000023;22,28000069;22,89999962;22,79999924;23,45999908;23,39999962;23,10000038;22,89999962;23,62999916;23,75;23,85000038;23,70000076;23,38999939;23,31999969;23,40999985;23,28000069;22,95999908;23,21999931;22,79999924;22,85000038;22,5;22,5;22,35000038;22,35000038;22,70000076;22,82999992;23;23,12999916;23,42000008;23,95000076;23,84000015;23,54999924;23,29999924;23,23999977;23,10000038;23,27000046;23,78000069;23,75;23,73999977;23,72999954;23,56999969;23,39999962;23,67000008;23,68000031;23,78000069;23,79999924;23,75;23,88999939;23,82999992;23,75;23,84000015;25,29999924;25,95000076;26,60000038;27,36000061;27,40999985;28,04000092;27,59000015;27,5;28,37999916;28,60000038;28,67000008
ENELGXCH.SN;374,5;377,7000122;383,2399902;390,8699951;385;385;385,8599854;394,3699951;385,2399902;381;385;385;385;385;369,7600098;363;359,5299988;373,0299988;371,3299866;365;365,0899963;360;350;357,3500061;350,6400146;350;350;340,2600098;340,9200134;340,9200134;340,3099976;339,9500122;339,9500122;341,6099854;340;339,6900024;340;337,0299988;337,0299988;337,0299988;332,7099915;327,5;329,0700073;329,5;329,5;329,5;329,5;329,5;327,6099854;311,0400085;300;299,8900146;299,8900146;299,8900146;273,3699951;280;280,1000061;270;270;279,8399963;300;304,9899902;304,9500122;305;277,269989;276,1099854;280;281;280,5299988;290,3200073;295;300;305,019989;305;304,6000061;310,2799988;300;284,8900146;291,6700134;292,3299866;292,3299866;300,2600098;301,0100098;308,5;312,9899902;308,0799866;309,0100098;307;317,7000122;319,4100037;325;325;317,9400024;311,9100037;311,4299927;318,1900024;319,25;320;293;290,7399902;290,3299866;294;280,480011;275;279,7799988;280,4400024;289,1099854;293,9899902;300,0100098;307,5100098;312,7999878;309;300,8699951;302,5400085;301,0499878;302,269989;305,9200134;305,7399902;305,7399902;315;315;308;307,6300049;308,3200073;309,5899963;310;318,7600098;323,5700073;334,9700012;325,2999878;322,8999939;308;309,2000122;314,3800049;318,2900085;308,7099915;305;305,2600098;304,980011;304,9400024;304,9400024;302,1600037;306,9599915;299,9700012;299,9700012;299,9100037;299,7799988;299,7799988;298,480011;295;296,5799866;294,0299988;294,0299988;294,0299988;295;293,4700012;298,8699951;298,2999878;294,8200073;294,4200134;286,0599976;286,0599976;286,769989;286,769989;281,0700073;279,1900024;277,6199951;279,480011;279,8999939;279,6199951;280;280;278,4100037;275;275;275;275;264,8900146;265,5700073;271,980011;270;264,9700012;264,7399902;255,7599945;269,4500122;269,4500122;270;264,1600037;265;265;260,1900024;260,1900024;260;260;260;255;252,1000061;255;254,9199982;252;251,6600037;250,4600067;254,5200043;254,4299927;254,4299927;250,4700012;250,4700012;240,4900055;239,9499969;240,2200012;240,2200012;226,8600006;228;233,2799988;239,8099976;254;256,1799927;257;243,3800049;249,1799927;250,0200043;241;233,8000031;229,0099945;235,0500031;233,2100067;238,4400024;240,2599945;239,6699982;239,6100006;240;239,1499939;236;236,9900055;237,1900024;236,0399933;239,6300049;250;250,0099945;254,9400024;250;250;250;258,6900024;254,8800049;242,6300049;250,3200073;249,9299927;253,8099976;258,8200073;266,8599854
MALLPLAZA.SN;1590;1590;1602;1605;1624,900024;1612,599976;1664,599976;1629,5;1601;1602;1595;1590,099976;1548,599976;1505;1500,699951;1462;1451,800049;1450,800049;1480;1450;1465;1440,099976;1401;1490;1460;1460;1460;1477,400024;1492,900024;1495;1539;1507,800049;1504,800049;1500;1496,699951;1492,900024;1482,599976;1445;1445;1402,900024;1399,599976;1389,900024;1400,099976;1415;1450;1439;1433,900024;1390;1372;1340;1288;1228;990;930;840;900,3099976;907;900,7999878;900;943,6799927;955;970;1017;1090;1072;1125;1238,900024;1211,800049;1217,800049;1220;1221;1240;1266;1227;1230,199951;1100;1243;1230;1189;1165;1147,199951;1194,699951;1215;1262,5;1202;1162;1230;1271;1330;1300;1280;1280,300049;1216,400024;1178;1150;1201;1184,599976;1180,300049;1224;1261,5;1296;1240;1199,400024;1120;1163,300049;1159,900024;1178,699951;1181;1274,099976;1339,900024;1355;1370;1356,099976;1351,599976;1302;1314;1356,800049;1374;1344;1336,300049;1334;1335;1400;1397,5;1385;1423;1481,900024;1460,199951;1490,900024;1446,800049;1450;1400;1399,900024;1454,5;1430,699951;1371;1315,300049;1300;1300,400024;1295;1305,099976;1374,5;1395;1390;1359;1314,599976;1346,099976;1352,300049;1340;1356,099976;1356,5;1350;1296,699951;1320,800049;1320;1318,300049;1298;1275,099976;1248,099976;1250;1222;1202,5;1237,199951;1189,599976;1143,699951;1142;1142,199951;1240;1141,199951;1150,599976;1164;1180;1180;1151;1150;1150;1148,5;1128,800049;1095,699951;1087,400024;1135;1110;1116;1050;1089,099976;1090;1097,599976;1101;1099,400024;1121,400024;1133;1149,300049;1100;1070;1139,900024;1100;1099,099976;1094,699951;1093,400024;1070,099976;1065,599976;1094,800049;1094;1100;1112,5;1076,5;1073;1060,900024;1015;986,0100098;1012,900024;980,7000122;980;1006,5;1048,800049;1245;1200,900024;1155;1100;1120,199951;1140,699951;1182,099976;1197,699951;1175,199951;1178,599976;1196,900024;1205,900024;1210,900024;1220,5;1211;1249;1210;1219;1208,300049;1190;1130;1140;1162,199951;1160;1150,099976;1148;1127,199951;1133,099976;1147,900024;1117,199951;1128,900024;1125,599976;1123,599976;1125;1111,800049;1106,699951
IAM.SN;820,0999756;818,9400024;818;831,9000244;833,0100098;840;840;840,7999878;831,0599976;807,0999756;818,7999878;815,9899902;780,0700073;765,4799805;772,7199707;764,8599854;760,0200195;755,3300171;758,3300171;758,0300293;755,0999756;750;740;745,0100098;757;772;765,5800171;755,9299927;749;743,710022;742,5;739,1599731;740,0999756;745,0200195;745;744;760;757,9899902;749,9000244;745;733,3599854;710,0999756;701,0100098;703;730;715;699,8800049;680,1699829;686,7299805;677,710022;638;644,9899902;568,6400146;600;584,9099731;637,5200195;620;533,2000122;565;605;633,8699951;608;621,9099731;652;650,1300049;678,8300171;662;672;656,0100098;635;621;650;670;660;651,0200195;654;626,0999756;622,5;620;622,2000122;628;662,8599854;680,0999756;700;669,9899902;660,4199829;679;694,9899902;695;680;640,7000122;651;624,2999878;639,8099976;645;652,4500122;628;641;634,9199829;647,2199707;650;647,7999878;635;660;660,4899902;662,5300293;683,5900269;700;735;745;750,0999756;735,6300049;718,0800171;699,8499756;691,039978;699;699;680,2600098;700;699,2800293;683,8099976;675;715;706;704,8400269;707,789978;728,8900146;726,539978;738,5499878;740;750;717,4299927;718;732;727;710;705,5900269;690;672;680;674,2999878;687,9099731;694,6900024;700;675;670;660;655;651;650;655,25;661,0999756;661,9000244;667,7199707;660;659,5900269;657,3499756;662,7000122;661,9799805;662,0900269;658,9099731;653,3900146;649,9199829;648;647,5;630;622,1500244;629,4799805;615,1300049;610,0999756;615,1300049;608,8400269;614,2199707;611,0700073;601,0999756;599,9899902;600;600;599;599;600;590;590;580;584,9000244;588;572;565;569;565;565;565,539978;563;558,5999756;550;564;557;550;557,9899902;560;555;557,9799805;566,9000244;554;555;545;531;535;520;521;520,9899902;509;519,5;530;540;565,6300049;565;547,9000244;539;540,9099731;530;550;550;549,9000244;568;568;578,7399902;574,5999756;574,1099854;562,5700073;580,210022;579,7399902;581,4500122;587,9899902;593;594;600;599,9799805;600;570,5900269;578,9000244;576,6699829;565;577;570;570;574;570,1900024;577,9500122;578,460022;589,6699829
SMU.SN;148,9199982;151,0700073;150,75;149;144,3800049;145;146,9400024;148,8000031;148,6699982;146,1199951;147,9600067;148,0299988;147;144,9900055;142,9400024;143,5;141,9900055;141,9900055;140,9100037;140,8600006;140,4900055;138,8999939;136,4900055;135;136,0200043;139,1799927;139,1799927;139,1799927;142;140,0299988;140,0299988;140,0299988;140,2799988;138,3899994;135,4799957;135,4799957;135,0800018;131,8000031;127,9700012;127,75;126,7399979;122,2900009;122,5;124,2099991;124,3300018;124;124;121,4400024;118,9100037;117,5999985;112;114;110;112,0500031;112;112,4800034;119,9899979;115,9800034;114,0800018;113;116,0299988;116;120,0699997;129,1399994;128,9799957;134,0899963;132,4199982;135,9900055;135,5;135,3699951;132,0099945;138;140,5899963;138,0099945;135,1300049;138;136,5;136;134,8999939;132;131,8200073;133,8999939;138;140;140;135,25;139,3600006;136;136,8699951;135,9499969;134,9799957;133,9799957;129,9400024;128;126,1100006;128,8600006;134;138;137,5;137,5;139;138,2400055;136,3000031;135;136,9700012;137;140,0099945;140,0099945;147,6699982;150;148,5;149,8999939;148,5;149,4499969;150;153,8999939;151,4600067;152,7599945;154,5;153;152,5200043;151,1000061;152,4499969;151,4499969;151,75;151,8600006;154;154,1499939;158,8000031;155;152,8300018;149,7400055;147,7799988;149,6999969;149;146;141;139,6000061;139,8300018;138,6399994;138;136,6100006;138;138,5;135,5;133,5;135,0099945;135,9400024;134,5200043;133,5700073;134,75;133,9199982;135,9900055;136;134,9900055;133,5599976;132,5200043;132,8300018;132;132,0500031;133,0500031;131,1499939;130;130;125,4300003;127,0100021;128,7700043;130;125;124;124,2099991;126,5;127;122,5699997;119,1800003;115,25;118,1699982;122,9899979;122,9899979;123;124;121,0800018;120,3399963;116,4700012;118;117,9899979;116,3000031;115,5500031;116,7600021;116,5;115,0800018;117,4599991;115,0599976;113,6699982;111,9599991;113,0500031;112,7099991;111;109,1800003;108,9499969;103,1100006;102,0999985;106,2200012;112;109;107,0199966;107,4000015;105,2600021;100,9499969;100,6500015;100,1500015;100,1999969;99,62999725;100;102,6200027;106;109,5;110,0100021;105,0100021;108;111,5599976;111,6999969;116,6800003;117,3399963;118,8499985;118,6200027;118;116,9199982;116,9400024;116,0299988;116;115,8000031;116;113,0500031;111,3300018;108,4000015;107,1200027;106,8799973;107,0599976;105;106,1800003;104;104;103,9000015;102;101,0500031;101,75;102,1299973;104,3399963;108;107
CENCOSHOPP.SN;1692,199951;1695;1701,099976;1735;1742,900024;1733;1733;1730;1730;1701,199951;1677,099976;1682,5;1679;1660,099976;1634;1610;1629,599976;1623,699951;1617,699951;1575;1589;1639;1618,300049;1620;1651;1673;1679;1667,699951;1679,300049;1702,199951;1718,199951;1715,199951;1715,199951;1676,599976;1710,300049;1690;1656,099976;1633;1600;1580,5;1570;1549,699951;1561,599976;1570,5;1579;1574;1557,199951;1490;1510;1479;1359,900024;1334,900024;1109;991;825,0100098;893,3699951;1020;1013,900024;1138,300049;1097,900024;1147;1196;1251;1380;1378,199951;1426,900024;1366,800049;1410;1336,099976;1408,800049;1460;1450;1472;1475;1429,900024;1470,900024;1465,5;1448;1466,900024;1480,199951;1455;1460,300049;1484,300049;1471;1480;1550;1572;1500;1465;1410;1470;1500;1400;1410;1400;1515;1550;1585;1588,699951;1600;1559,599976;1474;1520;1375;1340;1380;1443,099976;1500;1494,900024;1479;1480;1410;1465;1485;1455;1479,900024;1500;1500;1595;1555;1581;1580;1584;1501;1460,099976;1543;1574;1577,199951;1638;1605;1589,800049;1529;1515;1530;1509,900024;1509,900024;1479;1447,800049;1384,5;1370;1370;1389,900024;1425,099976;1447;1390;1360;1405;1408,300049;1382;1390;1395;1390,699951;1387,199951;1392,099976;1403,699951;1395;1390;1399,900024;1417;1378;1388;1386,900024;1320;1270;1262,300049;1245;1267,5;1161,099976;1205;1255;1310;1308,900024;1300;1289,900024;1250;1217;1249;1214,699951;1220;1198,400024;1243;1211,800049;1162,199951;1150;1157;1164;1160;1115,199951;1125;1113,599976;1113,699951;1090;1075,400024;1087,900024;1098;1118;1118;1190;1160;1110;1129,900024;1150;1195;1185;1185;1130;1129,599976;1108;1051;1022;1035;1033;985;1053,900024;1148,900024;1249;1300;1275;1175;1223;1225;1254;1258;1204;1210;1234,699951;1236;1239,900024;1250;1234;1267,900024;1249,800049;1239,900024;1270;1265;1250;1275;1242,300049;1248,800049;1210;1180;1210;1240;1242,599976;1224,900024;1190;1188,900024;1164,599976;1190;1165;1138,5